t,motion_energy,omega_w,max_abs_z
0,2.167635e-10,-1.052036e-03,3.444598e-03
1,2.012320e-10,-1.089074e-03,3.281518e-03
2,1.868957e-10,-1.126205e-03,3.126097e-03
3,1.736590e-10,-1.163248e-03,2.994481e-03
4,1.614340e-10,-1.199969e-03,2.887285e-03
5,1.501404e-10,-1.236056e-03,2.785371e-03
6,1.397040e-10,-1.271108e-03,2.688479e-03
7,1.300572e-10,-1.304545e-03,2.596361e-03
8,1.211374e-10,-1.335380e-03,2.508783e-03
9,1.128875e-10,-1.361438e-03,2.425520e-03
10,1.052549e-10,-1.382771e-03,2.346360e-03
11,9.819123e-11,-1.423937e-03,2.271099e-03
12,9.165206e-11,-1.448525e-03,2.199544e-03
13,8.559657e-11,-1.472450e-03,2.131513e-03
14,7.998723e-11,-1.494979e-03,2.066829e-03
15,7.478954e-11,-1.515619e-03,2.005327e-03
16,6.997174e-11,-1.534034e-03,1.946849e-03
17,6.550463e-11,-1.549918e-03,1.891243e-03
18,6.136136e-11,-1.562936e-03,1.838366e-03
19,5.751719e-11,-1.572833e-03,1.788083e-03
20,5.394936e-11,-1.579988e-03,1.740263e-03
21,5.063692e-11,-1.586114e-03,1.730265e-03
22,4.756058e-11,-1.586312e-03,1.724508e-03
23,4.470257e-11,-1.583128e-03,1.718557e-03
24,4.204650e-11,-1.575531e-03,1.712420e-03
25,3.957730e-11,-1.565640e-03,1.706105e-03
26,3.728105e-11,-1.559328e-03,1.699622e-03
27,3.514494e-11,-1.551613e-03,1.692982e-03
28,3.315715e-11,-1.536725e-03,1.686194e-03
29,3.130677e-11,-1.516221e-03,1.679270e-03
30,2.958374e-11,-1.491174e-03,1.672220e-03
31,2.797878e-11,-1.462447e-03,1.665057e-03
32,2.648333e-11,-1.430418e-03,1.657791e-03
33,2.508947e-11,-1.394370e-03,1.650434e-03
34,2.378991e-11,-1.354789e-03,1.642996e-03
35,2.257789e-11,-1.315003e-03,1.635489e-03
36,2.144718e-11,-1.275104e-03,1.627922e-03
37,2.039202e-11,-1.234537e-03,1.620305e-03
38,1.940709e-11,-1.193407e-03,1.612649e-03
39,1.848746e-11,-1.151994e-03,1.604963e-03
40,1.762858e-11,-1.110435e-03,1.597256e-03
41,1.682623e-11,-1.068489e-03,1.589536e-03
42,1.607653e-11,-1.025719e-03,1.581813e-03
43,1.537585e-11,-9.823473e-04,1.574093e-03
44,1.472086e-11,-9.388855e-04,1.566384e-03
45,1.410846e-11,-8.956536e-04,1.558693e-03
46,1.353580e-11,-8.528171e-04,1.551028e-03
47,1.300020e-11,-8.104780e-04,1.543394e-03
48,1.249922e-11,-7.687190e-04,1.535797e-03
49,1.203056e-11,-7.276220e-04,1.528243e-03
50,1.159212e-11,-6.872692e-04,1.520738e-03
51,1.118193e-11,-6.477314e-04,1.513285e-03
52,1.079816e-11,-6.090602e-04,1.505890e-03
53,1.043913e-11,-5.712902e-04,1.498558e-03
54,1.010327e-11,-5.344445e-04,1.491291e-03
55,9.789113e-12,-4.985393e-04,1.484094e-03
56,9.495313e-12,-4.635865e-04,1.476970e-03
57,9.220611e-12,-4.295943e-04,1.469923e-03
58,8.963837e-12,-3.965678e-04,1.462955e-03
59,8.723903e-12,-3.645093e-04,1.456069e-03
60,8.499801e-12,-3.334178e-04,1.449267e-03
61,8.290589e-12,-3.032889e-04,1.442552e-03
62,8.095394e-12,-2.741150e-04,1.435926e-03
63,7.913401e-12,-2.458849e-04,1.429390e-03
64,7.743855e-12,-2.185845e-04,1.428072e-03
65,7.586050e-12,-1.921969e-04,1.432923e-03
66,7.439330e-12,-1.667038e-04,1.437683e-03
67,7.303084e-12,-1.420848e-04,1.442358e-03
68,7.176743e-12,-1.183162e-04,1.446955e-03
69,7.059777e-12,-9.537201e-05,1.451481e-03
70,6.951691e-12,-7.322688e-05,1.455940e-03
71,6.852026e-12,-5.185468e-05,1.460339e-03
72,6.760353e-12,-3.122722e-05,1.464684e-03
73,6.676272e-12,-1.131382e-05,1.468978e-03
74,6.599411e-12,7.918277e-06,1.473228e-03
75,6.529422e-12,2.650133e-05,1.477438e-03
76,6.465982e-12,4.446042e-05,1.481614e-03
77,6.408790e-12,6.180615e-05,1.485758e-03
78,6.357564e-12,7.853716e-05,1.489875e-03
79,6.312043e-12,9.465596e-05,1.493971e-03
80,6.271983e-12,1.101814e-04,1.498047e-03
81,6.237157e-12,1.251464e-04,1.502108e-03
82,6.207353e-12,1.395890e-04,1.506158e-03
83,6.182375e-12,1.535459e-04,1.510200e-03
84,6.162039e-12,1.670479e-04,1.514238e-03
85,6.146175e-12,1.801154e-04,1.518273e-03
86,6.134626e-12,1.927538e-04,1.522310e-03
87,6.127244e-12,2.049568e-04,1.526351e-03
88,6.123892e-12,2.167169e-04,1.530400e-03
89,6.124445e-12,2.280362e-04,1.534457e-03
90,6.128785e-12,2.389283e-04,1.538527e-03
91,6.136805e-12,2.494142e-04,1.542611e-03
92,6.148404e-12,2.595166e-04,1.546712e-03
93,6.163491e-12,2.692562e-04,1.550832e-03
94,6.181980e-12,2.786516e-04,1.554973e-03
95,6.203795e-12,2.877188e-04,1.559138e-03
96,6.228863e-12,2.964722e-04,1.563328e-03
97,6.257121e-12,3.049247e-04,1.567544e-03
98,6.288508e-12,3.130881e-04,1.573828e-03
99,6.322972e-12,3.209736e-04,1.583521e-03
100,6.360465e-12,3.285916e-04,1.593285e-03
101,6.400944e-12,3.359521e-04,1.603123e-03
102,6.444370e-12,3.430644e-04,1.613035e-03
103,6.490711e-12,3.499375e-04,1.623026e-03
104,6.539936e-12,3.565793e-04,1.633095e-03
105,6.592021e-12,3.629949e-04,1.643246e-03
106,6.646945e-12,3.691779e-04,1.653481e-03
107,6.704690e-12,3.751155e-04,1.663801e-03
108,6.765245e-12,3.808544e-04,1.674207e-03
109,6.828597e-12,3.864392e-04,1.684703e-03
110,6.894742e-12,3.917486e-04,1.695288e-03
111,6.963676e-12,3.968845e-04,1.705966e-03
112,7.035400e-12,4.018882e-04,1.716738e-03
113,7.109916e-12,4.067108e-04,1.727604e-03
114,7.187231e-12,4.113573e-04,1.738567e-03
115,7.267354e-12,4.158335e-04,1.749629e-03
116,7.350298e-12,4.201444e-04,1.760790e-03
117,7.436076e-12,4.242944e-04,1.772052e-03
118,7.524708e-12,4.282878e-04,1.783416e-03
119,7.616213e-12,4.321291e-04,1.794884e-03
120,7.710614e-12,4.358229e-04,1.806457e-03
121,7.807937e-12,4.393730e-04,1.818137e-03
122,7.908211e-12,4.427735e-04,1.829923e-03
123,8.011465e-12,4.460396e-04,1.841819e-03
124,8.117734e-12,4.491812e-04,1.853825e-03
125,8.227053e-12,4.521955e-04,1.865941e-03
126,8.339460e-12,4.550859e-04,1.878170e-03
127,8.454996e-12,4.578559e-04,1.890513e-03
128,8.573704e-12,4.605094e-04,1.902970e-03
129,8.695631e-12,4.630501e-04,1.915543e-03
130,8.820823e-12,4.654821e-04,1.928233e-03
131,8.949332e-12,4.678102e-04,1.941040e-03
132,9.081211e-12,4.700405e-04,1.953967e-03
133,9.216515e-12,4.721791e-04,1.967014e-03
134,9.355303e-12,4.742280e-04,1.980182e-03
135,9.497635e-12,4.761823e-04,1.993472e-03
136,9.643574e-12,4.780369e-04,2.006885e-03
137,9.793186e-12,4.797937e-04,2.020422e-03
138,9.946539e-12,4.814579e-04,2.034085e-03
139,1.010370e-11,4.830349e-04,2.047874e-03
140,1.026476e-11,4.845284e-04,2.061790e-03
141,1.042977e-11,4.859414e-04,2.075835e-03
142,1.059883e-11,4.872763e-04,2.090008e-03
143,1.077200e-11,4.885353e-04,2.104312e-03
144,1.094939e-11,4.897202e-04,2.118748e-03
145,1.113107e-11,4.908330e-04,2.133315e-03
146,1.131714e-11,4.918756e-04,2.148016e-03
147,1.150769e-11,4.928497e-04,2.162851e-03
148,1.170282e-11,4.937571e-04,2.177821e-03
149,1.190262e-11,4.945996e-04,2.192927e-03
150,1.210720e-11,4.953788e-04,2.208170e-03
151,1.231667e-11,4.960966e-04,2.223552e-03
152,1.253114e-11,4.967547e-04,2.239072e-03
153,1.275071e-11,4.973546e-04,2.254733e-03
154,1.297550e-11,4.978982e-04,2.270535e-03
155,1.320565e-11,4.983870e-04,2.286479e-03
156,1.344126e-11,4.988228e-04,2.302566e-03
157,1.368246e-11,4.992070e-04,2.318796e-03
158,1.392940e-11,4.995411e-04,2.335172e-03
159,1.418219e-11,4.998267e-04,2.351694e-03
160,1.444099e-11,5.000650e-04,2.368363e-03
161,1.470594e-11,5.002574e-04,2.385181e-03
162,1.497717e-11,5.004050e-04,2.402147e-03
163,1.525485e-11,5.005089e-04,2.419263e-03
164,1.553914e-11,5.005700e-04,2.436530e-03
165,1.583018e-11,5.005891e-04,2.453950e-03
166,1.612815e-11,5.005670e-04,2.471522e-03
167,1.643322e-11,5.005042e-04,2.489249e-03
168,1.674557e-11,5.004014e-04,2.507131e-03
169,1.706536e-11,5.002590e-04,2.525170e-03
170,1.739280e-11,5.000775e-04,2.543366e-03
171,1.772807e-11,4.998573e-04,2.561720e-03
172,1.807136e-11,4.995989e-04,2.580234e-03
173,1.842289e-11,4.993028e-04,2.598908e-03
174,1.878285e-11,4.989696e-04,2.617744e-03
175,1.915146e-11,4.985998e-04,2.636743e-03
176,1.952894e-11,4.981941e-04,2.655906e-03
177,1.991552e-11,4.977532e-04,2.675234e-03
178,2.031143e-11,4.972777e-04,2.694728e-03
179,2.071692e-11,4.967686e-04,2.714389e-03
180,2.113221e-11,4.962265e-04,2.734218e-03
181,2.155758e-11,4.956524e-04,2.754218e-03
182,2.199327e-11,4.950469e-04,2.774388e-03
183,2.243957e-11,4.944108e-04,2.794729e-03
184,2.289674e-11,4.937451e-04,2.815244e-03
185,2.336506e-11,4.930505e-04,2.835934e-03
186,2.384483e-11,4.923277e-04,2.856798e-03
187,2.433635e-11,4.915776e-04,2.877840e-03
188,2.483993e-11,4.908007e-04,2.899059e-03
189,2.535589e-11,4.899979e-04,2.920458e-03
190,2.588454e-11,4.891698e-04,2.942037e-03
191,2.642623e-11,4.883170e-04,2.963797e-03
192,2.698130e-11,4.874403e-04,2.985741e-03
193,2.755010e-11,4.865401e-04,3.007868e-03
194,2.813301e-11,4.856172e-04,3.030182e-03
195,2.873040e-11,4.846720e-04,3.052682e-03
196,2.934264e-11,4.837050e-04,3.075370e-03
197,2.997015e-11,4.827169e-04,3.098248e-03
198,3.061333e-11,4.817082e-04,3.121316e-03
199,3.127260e-11,4.806792e-04,3.144577e-03
200,3.194839e-11,4.796305e-04,3.168031e-03
201,3.264114e-11,4.785625e-04,3.191681e-03
202,3.335132e-11,4.774757e-04,3.215526e-03
203,3.407940e-11,4.763705e-04,3.239569e-03
204,3.482585e-11,4.752472e-04,3.263812e-03
205,3.559118e-11,4.741063e-04,3.288255e-03
206,3.637590e-11,4.729481e-04,3.312900e-03
207,3.718053e-11,4.717730e-04,3.337748e-03
208,3.800562e-11,4.705813e-04,3.362801e-03
209,3.885173e-11,4.693734e-04,3.388061e-03
210,3.971943e-11,4.681495e-04,3.413529e-03
211,4.060930e-11,4.669101e-04,3.439207e-03
212,4.152196e-11,4.656554e-04,3.465095e-03
213,4.245803e-11,4.643857e-04,3.491196e-03
214,4.341815e-11,4.631015e-04,3.517511e-03
215,4.440298e-11,4.618030e-04,3.544042e-03
216,4.541321e-11,4.604906e-04,3.570790e-03
217,4.644953e-11,4.591648e-04,3.597757e-03
218,4.751267e-11,4.578260e-04,3.624945e-03
219,4.860335e-11,4.564740e-04,3.652355e-03
220,4.972235e-11,4.551047e-04,3.679988e-03
221,5.087044e-11,4.537060e-04,3.707848e-03
222,5.204845e-11,4.522790e-04,3.735934e-03
223,5.325718e-11,4.508530e-04,3.764250e-03
224,5.449750e-11,4.494290e-04,3.792796e-03
225,5.577029e-11,4.479972e-04,3.821574e-03
226,5.707644e-11,4.465539e-04,3.850587e-03
227,5.841690e-11,4.450986e-04,3.879836e-03
228,5.979261e-11,4.436316e-04,3.909322e-03
229,6.120456e-11,4.421532e-04,3.939048e-03
230,6.265376e-11,4.406637e-04,3.969016e-03
231,6.414126e-11,4.391638e-04,3.999226e-03
232,6.566812e-11,4.376539e-04,4.029682e-03
233,6.723546e-11,4.361345e-04,4.060385e-03
234,6.884440e-11,4.346056e-04,4.091337e-03
235,7.049612e-11,4.330665e-04,4.122539e-03
236,7.219181e-11,4.315168e-04,4.153995e-03
237,7.393272e-11,4.299564e-04,4.185705e-03
238,7.572012e-11,4.283855e-04,4.217672e-03
239,7.755532e-11,4.268048e-04,4.249897e-03
240,7.943967e-11,4.252144e-04,4.282384e-03
241,8.137455e-11,4.236147e-04,4.315133e-03
242,8.336139e-11,4.220058e-04,4.348147e-03
243,8.540167e-11,4.203879e-04,4.381428e-03
244,8.749689e-11,4.187611e-04,4.414978e-03
245,8.964862e-11,4.171256e-04,4.448799e-03
246,9.185845e-11,4.154815e-04,4.482894e-03
247,9.412803e-11,4.138289e-04,4.517264e-03
248,9.645906e-11,4.121680e-04,4.551911e-03
249,9.885329e-11,4.104990e-04,4.586839e-03
250,1.013125e-10,4.088219e-04,4.622049e-03
251,1.038386e-10,4.071370e-04,4.657543e-03
252,1.064334e-10,4.054443e-04,4.693324e-03
253,1.090989e-10,4.037441e-04,4.729393e-03
254,1.118371e-10,4.020364e-04,4.765754e-03
255,1.146502e-10,4.003214e-04,4.802409e-03
256,1.175401e-10,3.985992e-04,4.839359e-03
257,1.205092e-10,3.968700e-04,4.876608e-03
258,1.235597e-10,3.951338e-04,4.914158e-03
259,1.266940e-10,3.933906e-04,4.952011e-03
260,1.299143e-10,3.916405e-04,4.990170e-03
261,1.332232e-10,3.898835e-04,5.028637e-03
262,1.366233e-10,3.881195e-04,5.067414e-03
263,1.401171e-10,3.863486e-04,5.106505e-03
264,1.437073e-10,3.845708e-04,5.145912e-03
265,1.473968e-10,3.827860e-04,5.185637e-03
266,1.511883e-10,3.809944e-04,5.225683e-03
267,1.550847e-10,3.791959e-04,5.266053e-03
268,1.590892e-10,3.773906e-04,5.306749e-03
269,1.632048e-10,3.755787e-04,5.347774e-03
270,1.674347e-10,3.737604e-04,5.389131e-03
271,1.717822e-10,3.719357e-04,5.430822e-03
272,1.762507e-10,3.701048e-04,5.472851e-03
273,1.808437e-10,3.682679e-04,5.515219e-03
274,1.855648e-10,3.664252e-04,5.557931e-03
275,1.904176e-10,3.645768e-04,5.600988e-03
276,1.954061e-10,3.627228e-04,5.644394e-03
277,2.005340e-10,3.608635e-04,5.688152e-03
278,2.058054e-10,3.589989e-04,5.732264e-03
279,2.112246e-10,3.571293e-04,5.776734e-03
280,2.167956e-10,3.552548e-04,5.821564e-03
281,2.225230e-10,3.533755e-04,5.866758e-03
282,2.284113e-10,3.514916e-04,5.912318e-03
283,2.344651e-10,3.496033e-04,5.958248e-03
284,2.406893e-10,3.477106e-04,6.004551e-03
285,2.470887e-10,3.458138e-04,6.051230e-03
286,2.536684e-10,3.439131e-04,6.098289e-03
287,2.604337e-10,3.420084e-04,6.145729e-03
288,2.673900e-10,3.401001e-04,6.205350e-03
289,2.745427e-10,3.381882e-04,6.297321e-03
290,2.818977e-10,3.362729e-04,6.390700e-03
291,2.894607e-10,3.343545e-04,6.485508e-03
292,2.972378e-10,3.324329e-04,6.581764e-03
293,3.052353e-10,3.305084e-04,6.679493e-03
294,3.134595e-10,3.285812e-04,6.778715e-03
295,3.219170e-10,3.266513e-04,6.879453e-03
296,3.306146e-10,3.247191e-04,6.981729e-03
297,3.395593e-10,3.227846e-04,7.085568e-03
298,3.487583e-10,3.208479e-04,7.190991e-03
299,3.582189e-10,3.189093e-04,7.298024e-03
300,3.679488e-10,3.169690e-04,7.406689e-03
301,3.779559e-10,3.150270e-04,7.517013e-03
302,3.882481e-10,3.130836e-04,7.629018e-03
303,3.988337e-10,3.111390e-04,7.742732e-03
304,4.097215e-10,3.091932e-04,7.858178e-03
305,4.209200e-10,3.072465e-04,7.975384e-03
306,4.324384e-10,3.052989e-04,8.094376e-03
307,4.442859e-10,3.033508e-04,8.215180e-03
308,4.564722e-10,3.014023e-04,8.337823e-03
309,4.690072e-10,2.994535e-04,8.462334e-03
310,4.819009e-10,2.975045e-04,8.588739e-03
311,4.951639e-10,2.955557e-04,8.717068e-03
312,5.088068e-10,2.936071e-04,8.847349e-03
313,5.228408e-10,2.916588e-04,8.979612e-03
314,5.372773e-10,2.897112e-04,9.113885e-03
315,5.521279e-10,2.877643e-04,9.250200e-03
316,5.674047e-10,2.858182e-04,9.388587e-03
317,5.831201e-10,2.838732e-04,9.529076e-03
318,5.992870e-10,2.819293e-04,9.671699e-03
319,6.159184e-10,2.799866e-04,9.816488e-03
320,6.330278e-10,2.780457e-04,9.963476e-03
321,6.506293e-10,2.761100e-04,1.011269e-02
322,6.687371e-10,2.741745e-04,1.026418e-02
323,6.873658e-10,2.722397e-04,1.041796e-02
324,7.065308e-10,2.703072e-04,1.057407e-02
325,7.262476e-10,2.683771e-04,1.073256e-02
326,7.465322e-10,2.664498e-04,1.089344e-02
327,7.674012e-10,2.645252e-04,1.105677e-02
328,7.888715e-10,2.626037e-04,1.122256e-02
329,8.109606e-10,2.606853e-04,1.139087e-02
330,8.336865e-10,2.587701e-04,1.156173e-02
331,8.570676e-10,2.568584e-04,1.173518e-02
332,8.811231e-10,2.549504e-04,1.191126e-02
333,9.058724e-10,2.530460e-04,1.208999e-02
334,9.313357e-10,2.511456e-04,1.227144e-02
335,9.575337e-10,2.492493e-04,1.245562e-02
336,9.844877e-10,2.473572e-04,1.264260e-02
337,1.012220e-09,2.454695e-04,1.283240e-02
338,1.040752e-09,2.435863e-04,1.302507e-02
339,1.070108e-09,2.417077e-04,1.322065e-02
340,1.100311e-09,2.398340e-04,1.341919e-02
341,1.131386e-09,2.379652e-04,1.362072e-02
342,1.163358e-09,2.361016e-04,1.382530e-02
343,1.196253e-09,2.342432e-04,1.403297e-02
344,1.230098e-09,2.323902e-04,1.424377e-02
345,1.264920e-09,2.305427e-04,1.445775e-02
346,1.300747e-09,2.287008e-04,1.467496e-02
347,1.337608e-09,2.268648e-04,1.489545e-02
348,1.375532e-09,2.250346e-04,1.511926e-02
349,1.414551e-09,2.232105e-04,1.534644e-02
350,1.454696e-09,2.213926e-04,1.557705e-02
351,1.495999e-09,2.195809e-04,1.581113e-02
352,1.538494e-09,2.177757e-04,1.604873e-02
353,1.582213e-09,2.159770e-04,1.628991e-02
354,1.627193e-09,2.141849e-04,1.653472e-02
355,1.673470e-09,2.123997e-04,1.678322e-02
356,1.721080e-09,2.106213e-04,1.703545e-02
357,1.770062e-09,2.088500e-04,1.729147e-02
358,1.820454e-09,2.070857e-04,1.755134e-02
359,1.872297e-09,2.053287e-04,1.781511e-02
360,1.925632e-09,2.035791e-04,1.808285e-02
361,1.980501e-09,2.018368e-04,1.835460e-02
362,2.036948e-09,2.001021e-04,1.863043e-02
363,2.095017e-09,1.983749e-04,1.891040e-02
364,2.154754e-09,1.966555e-04,1.919457e-02
365,2.216206e-09,1.949437e-04,1.948300e-02
366,2.279422e-09,1.932397e-04,1.977575e-02
367,2.344450e-09,1.915435e-04,2.007289e-02
368,2.411343e-09,1.898549e-04,2.037448e-02
369,2.480151e-09,1.881738e-04,2.068058e-02
370,2.550930e-09,1.864994e-04,2.099125e-02
371,2.623732e-09,1.848294e-04,2.130658e-02
372,2.698616e-09,1.831619e-04,2.162661e-02
373,2.775638e-09,1.815509e-04,2.195143e-02
374,2.854859e-09,1.799181e-04,2.228110e-02
375,2.936338e-09,1.782852e-04,2.261569e-02
376,3.020139e-09,1.766618e-04,2.295527e-02
377,3.106324e-09,1.750474e-04,2.329992e-02
378,3.194960e-09,1.734419e-04,2.364970e-02
379,3.286114e-09,1.718453e-04,2.400469e-02
380,3.379854e-09,1.702578e-04,2.436496e-02
381,3.476251e-09,1.686769e-04,2.473060e-02
382,3.575377e-09,1.671039e-04,2.510168e-02
383,3.677305e-09,1.655412e-04,2.547826e-02
384,3.782113e-09,1.639869e-04,2.586045e-02
385,3.889876e-09,1.624409e-04,2.624830e-02
386,4.000675e-09,1.609033e-04,2.664191e-02
387,4.114590e-09,1.593741e-04,2.704136e-02
388,4.231705e-09,1.578533e-04,2.744672e-02
389,4.352103e-09,1.563408e-04,2.785809e-02
390,4.475873e-09,1.548367e-04,2.827554e-02
391,4.603102e-09,1.533409e-04,2.869916e-02
392,4.733882e-09,1.518535e-04,2.912904e-02
393,4.868304e-09,1.503743e-04,2.956527e-02
394,5.006465e-09,1.489033e-04,3.000794e-02
395,5.148459e-09,1.474407e-04,3.045713e-02
396,5.294386e-09,1.459862e-04,3.091293e-02
397,5.444347e-09,1.445399e-04,3.137544e-02
398,5.598444e-09,1.431018e-04,3.184476e-02
399,5.756782e-09,1.416718e-04,3.232096e-02
400,5.919468e-09,1.402498e-04,3.280416e-02
401,6.086611e-09,1.388359e-04,3.329444e-02
402,6.258321e-09,1.374300e-04,3.379190e-02
403,6.434712e-09,1.360319e-04,3.429665e-02
404,6.615899e-09,1.346418e-04,3.480877e-02
405,6.801997e-09,1.332594e-04,3.532837e-02
406,6.993128e-09,1.318848e-04,3.585556e-02
407,7.189410e-09,1.305179e-04,3.639042e-02
408,7.390968e-09,1.291586e-04,3.693308e-02
409,7.597927e-09,1.278069e-04,3.748362e-02
410,7.810412e-09,1.264626e-04,3.804215e-02
411,8.028553e-09,1.251258e-04,3.860879e-02
412,8.252480e-09,1.237962e-04,3.918364e-02
413,8.482325e-09,1.224739e-04,3.976680e-02
414,8.718222e-09,1.211588e-04,4.035839e-02
415,8.960306e-09,1.198508e-04,4.095852e-02
416,9.208714e-09,1.185497e-04,4.156729e-02
417,9.463585e-09,1.172555e-04,4.218482e-02
418,9.725058e-09,1.159681e-04,4.281122e-02
419,9.993274e-09,1.146873e-04,4.344660e-02
420,1.026838e-08,1.134128e-04,4.409109e-02
421,1.055051e-08,1.121444e-04,4.474478e-02
422,1.083981e-08,1.108823e-04,4.540781e-02
423,1.113643e-08,1.096266e-04,4.608028e-02
424,1.144052e-08,1.083774e-04,4.676232e-02
425,1.175221e-08,1.071344e-04,4.745404e-02
426,1.207166e-08,1.058974e-04,4.815556e-02
427,1.239901e-08,1.046662e-04,4.886701e-02
428,1.273440e-08,1.034406e-04,4.958849e-02
429,1.307799e-08,1.022205e-04,5.032014e-02
430,1.342992e-08,1.010057e-04,5.106206e-02
431,1.379034e-08,9.979644e-05,5.181440e-02
432,1.415937e-08,9.859285e-05,5.257726e-02
433,1.453718e-08,9.739429e-05,5.335077e-02
434,1.492390e-08,9.619993e-05,5.413505e-02
435,1.531966e-08,9.500981e-05,5.493023e-02
436,1.572461e-08,9.382402e-05,5.573643e-02
437,1.613887e-08,9.264250e-05,5.655377e-02
438,1.656258e-08,9.146510e-05,5.738238e-02
439,1.699587e-08,9.029167e-05,5.822238e-02
440,1.743885e-08,8.912203e-05,5.907389e-02
441,1.789165e-08,8.795602e-05,5.993704e-02
442,1.835439e-08,8.679346e-05,6.081196e-02
443,1.882717e-08,8.563418e-05,6.169876e-02
444,1.931010e-08,8.447801e-05,6.259756e-02
445,1.980327e-08,8.332476e-05,6.350850e-02
446,2.030679e-08,8.217427e-05,6.443169e-02
447,2.082072e-08,8.102635e-05,6.536725e-02
448,2.134516e-08,7.988082e-05,6.631531e-02
449,2.188017e-08,7.873750e-05,6.727598e-02
450,2.242581e-08,7.759622e-05,6.824939e-02
451,2.298214e-08,7.645679e-05,6.923565e-02
452,2.354919e-08,7.531902e-05,7.023488e-02
453,2.412699e-08,7.418274e-05,7.124719e-02
454,2.471558e-08,7.304776e-05,7.227271e-02
455,2.531495e-08,7.191389e-05,7.331154e-02
456,2.592510e-08,7.078095e-05,7.436379e-02
457,2.654602e-08,6.964876e-05,7.542958e-02
458,2.717767e-08,6.851714e-05,7.650900e-02
459,2.782001e-08,6.738589e-05,7.760218e-02
460,2.847297e-08,6.625484e-05,7.870921e-02
461,2.913649e-08,6.512380e-05,7.983020e-02
462,2.981047e-08,6.399260e-05,8.096523e-02
463,3.049480e-08,6.286106e-05,8.211442e-02
464,3.118935e-08,6.172899e-05,8.327785e-02
465,3.189398e-08,6.059623e-05,8.445561e-02
466,3.260851e-08,5.946260e-05,8.564779e-02
467,3.333276e-08,5.832792e-05,8.685449e-02
468,3.406653e-08,5.719204e-05,8.807577e-02
469,3.480959e-08,5.605479e-05,8.931171e-02
470,3.556169e-08,5.491600e-05,9.056239e-02
471,3.632256e-08,5.377552e-05,9.182789e-02
472,3.709189e-08,5.263319e-05,9.310825e-02
473,3.786938e-08,5.148888e-05,9.440356e-02
474,3.865468e-08,5.034242e-05,9.571385e-02
475,3.944743e-08,4.919370e-05,9.703919e-02
476,4.024723e-08,4.804257e-05,9.837963e-02
477,4.105366e-08,4.688890e-05,9.973519e-02
478,4.186629e-08,4.573259e-05,1.011059e-01
479,4.268464e-08,4.457351e-05,1.024919e-01
480,4.350823e-08,4.341156e-05,1.038930e-01
481,4.433654e-08,4.224665e-05,1.053094e-01
482,4.516902e-08,4.107867e-05,1.067411e-01
483,4.600511e-08,3.990756e-05,1.081881e-01
484,4.684421e-08,3.873325e-05,1.096503e-01
485,4.768570e-08,3.755566e-05,1.111277e-01
486,4.852893e-08,3.637475e-05,1.126204e-01
487,4.937325e-08,3.519047e-05,1.141284e-01
488,5.021796e-08,3.400280e-05,1.156515e-01
489,5.106235e-08,3.281172e-05,1.171898e-01
490,5.190569e-08,3.161722e-05,1.187432e-01
491,5.274721e-08,3.041929e-05,1.203117e-01
492,5.358614e-08,2.921797e-05,1.218952e-01
493,5.442170e-08,2.801327e-05,1.234936e-01
494,5.525307e-08,2.680525e-05,1.251069e-01
495,5.607942e-08,2.559396e-05,1.267349e-01
496,5.689992e-08,2.437946e-05,1.283777e-01
497,5.771371e-08,2.316185e-05,1.300350e-01
498,5.851993e-08,2.194122e-05,1.317068e-01
499,5.931770e-08,2.071769e-05,1.333929e-01
500,6.010616e-08,1.949139e-05,1.350933e-01
501,6.088441e-08,1.826246e-05,1.368077e-01
502,6.165157e-08,1.703107e-05,1.385361e-01
503,6.240674e-08,1.579738e-05,1.402782e-01
504,6.314906e-08,1.456160e-05,1.420339e-01
505,6.387763e-08,1.332393e-05,1.438030e-01
506,6.459159e-08,1.208459e-05,1.455854e-01
507,6.529006e-08,1.084383e-05,1.473808e-01
508,6.597220e-08,9.601902e-06,1.491890e-01
509,6.663718e-08,8.359079e-06,1.510098e-01
510,6.728415e-08,7.115649e-06,1.528429e-01
511,6.791234e-08,5.871916e-06,1.546882e-01
512,6.852096e-08,4.628201e-06,1.565454e-01
513,6.910925e-08,3.384839e-06,1.584142e-01
514,6.967649e-08,2.142180e-06,1.602943e-01
515,7.022198e-08,9.005884e-07,1.621855e-01
516,7.074505e-08,-3.395561e-07,1.640875e-01
517,7.124508e-08,-1.577861e-06,1.660000e-01
518,7.172148e-08,-2.813919e-06,1.679226e-01
519,7.217368e-08,-4.047313e-06,1.698551e-01
520,7.260118e-08,-5.277609e-06,1.717972e-01
521,7.300350e-08,-6.504366e-06,1.737484e-01
522,7.338022e-08,-7.727129e-06,1.757085e-01
523,7.373095e-08,-8.945435e-06,1.776771e-01
524,7.405536e-08,-1.015881e-05,1.796539e-01
525,7.435318e-08,-1.136677e-05,1.816384e-01
526,7.462415e-08,-1.256883e-05,1.836303e-01
527,7.486811e-08,-1.376449e-05,1.856292e-01
528,7.508491e-08,-1.495325e-05,1.876348e-01
529,7.527447e-08,-1.613460e-05,1.896466e-01
530,7.543678e-08,-1.730803e-05,1.916642e-01
531,7.557184e-08,-1.847303e-05,1.936872e-01
532,7.567973e-08,-1.962908e-05,1.957152e-01
533,7.576058e-08,-2.077566e-05,1.977479e-01
534,7.581457e-08,-2.191226e-05,1.997846e-01
535,7.584192e-08,-2.303835e-05,2.018252e-01
536,7.584292e-08,-2.415344e-05,2.038690e-01
537,7.581788e-08,-2.525701e-05,2.059156e-01
538,7.576718e-08,-2.634855e-05,2.079647e-01
539,7.569124e-08,-2.742757e-05,2.100158e-01
540,7.559051e-08,-2.849358e-05,2.120684e-01
541,7.546552e-08,-2.954608e-05,2.141221e-01
542,7.531679e-08,-3.058461e-05,2.161765e-01
543,7.514491e-08,-3.160870e-05,2.182310e-01
544,7.495050e-08,-3.261790e-05,2.202853e-01
545,7.473422e-08,-3.361176e-05,2.223389e-01
546,7.449675e-08,-3.458985e-05,2.243914e-01
547,7.423879e-08,-3.555177e-05,2.264422e-01
548,7.396111e-08,-3.649711e-05,2.284911e-01
549,7.366445e-08,-3.742548e-05,2.305374e-01
550,7.334961e-08,-3.833651e-05,2.325808e-01
551,7.301739e-08,-3.922987e-05,2.346209e-01
552,7.266862e-08,-4.010520e-05,2.366571e-01
553,7.230414e-08,-4.096219e-05,2.386892e-01
554,7.192479e-08,-4.180056e-05,2.407166e-01
555,7.153144e-08,-4.262002e-05,2.427389e-01
556,7.112494e-08,-4.342031e-05,2.447557e-01
557,7.070618e-08,-4.420120e-05,2.467666e-01
558,7.027602e-08,-4.496248e-05,2.487713e-01
559,6.983535e-08,-4.570394e-05,2.507692e-01
560,6.938502e-08,-4.642543e-05,2.527600e-01
561,6.892590e-08,-4.712677e-05,2.547434e-01
562,6.845887e-08,-4.780785e-05,2.567189e-01
563,6.798477e-08,-4.846855e-05,2.586861e-01
564,6.750444e-08,-4.910880e-05,2.606448e-01
565,6.701872e-08,-4.972852e-05,2.625945e-01
566,6.652842e-08,-5.032767e-05,2.645349e-01
567,6.603436e-08,-5.090622e-05,2.664656e-01
568,6.553732e-08,-5.146419e-05,2.683864e-01
569,6.503807e-08,-5.200159e-05,2.702969e-01
570,6.453738e-08,-5.251846e-05,2.721968e-01
571,6.403597e-08,-5.301485e-05,2.740858e-01
572,6.353456e-08,-5.349087e-05,2.759636e-01
573,6.303384e-08,-5.394659e-05,2.778299e-01
574,6.253450e-08,-5.438216e-05,2.796844e-01
575,6.203718e-08,-5.479769e-05,2.815269e-01
576,6.154252e-08,-5.519336e-05,2.833571e-01
577,6.105111e-08,-5.556934e-05,2.851748e-01
578,6.056355e-08,-5.592581e-05,2.869797e-01
579,6.008040e-08,-5.626298e-05,2.887717e-01
580,5.960219e-08,-5.658109e-05,2.905504e-01
581,5.912945e-08,-5.688036e-05,2.923157e-01
582,5.866265e-08,-5.716106e-05,2.940674e-01
583,5.820227e-08,-5.742345e-05,2.958054e-01
584,5.774876e-08,-5.766780e-05,2.975293e-01
585,5.730253e-08,-5.789442e-05,2.992391e-01
586,5.686399e-08,-5.810360e-05,3.009347e-01
587,5.643351e-08,-5.829567e-05,3.026158e-01
588,5.601145e-08,-5.847094e-05,3.042823e-01
589,5.559814e-08,-5.862975e-05,3.059341e-01
590,5.519390e-08,-5.877246e-05,3.075711e-01
591,5.479901e-08,-5.889940e-05,3.091932e-01
592,5.441375e-08,-5.901094e-05,3.108002e-01
593,5.403836e-08,-5.910744e-05,3.123921e-01
594,5.367310e-08,-5.918928e-05,3.139688e-01
595,5.331815e-08,-5.925684e-05,3.155303e-01
596,5.297373e-08,-5.931049e-05,3.170764e-01
597,5.264002e-08,-5.935062e-05,3.186071e-01
598,5.231716e-08,-5.937763e-05,3.201223e-01
599,5.200532e-08,-5.939190e-05,3.216221e-01
600,5.170462e-08,-5.939383e-05,3.231064e-01
601,5.141516e-08,-5.938382e-05,3.245751e-01
602,5.113707e-08,-5.936226e-05,3.260282e-01
603,5.087041e-08,-5.932955e-05,3.274658e-01
604,5.061526e-08,-5.928609e-05,3.288879e-01
605,5.037169e-08,-5.923227e-05,3.302943e-01
606,5.013973e-08,-5.916849e-05,3.316852e-01
607,4.991943e-08,-5.909514e-05,3.330606e-01
608,4.971081e-08,-5.901262e-05,3.344205e-01
609,4.951388e-08,-5.892130e-05,3.357648e-01
610,4.932865e-08,-5.882159e-05,3.370938e-01
611,4.915510e-08,-5.871386e-05,3.384073e-01
612,4.899323e-08,-5.859848e-05,3.397054e-01
613,4.884300e-08,-5.847584e-05,3.409883e-01
614,4.870439e-08,-5.834630e-05,3.422559e-01
615,4.857736e-08,-5.821023e-05,3.435083e-01
616,4.846184e-08,-5.806799e-05,3.447456e-01
617,4.835780e-08,-5.791992e-05,3.459679e-01
618,4.826517e-08,-5.776639e-05,3.471752e-01
619,4.818387e-08,-5.760772e-05,3.483676e-01
620,4.811384e-08,-5.744427e-05,3.495452e-01
621,4.805498e-08,-5.727635e-05,3.507081e-01
622,4.800723e-08,-5.710429e-05,3.518563e-01
623,4.797047e-08,-5.692840e-05,3.529900e-01
624,4.794463e-08,-5.674900e-05,3.541093e-01
625,4.792959e-08,-5.656638e-05,3.552143e-01
626,4.792525e-08,-5.638085e-05,3.563050e-01
627,4.793151e-08,-5.619268e-05,3.573816e-01
628,4.794825e-08,-5.600215e-05,3.584442e-01
629,4.797535e-08,-5.580955e-05,3.594929e-01
630,4.801269e-08,-5.561512e-05,3.605279e-01
631,4.806015e-08,-5.541913e-05,3.615491e-01
632,4.811761e-08,-5.522183e-05,3.625568e-01
633,4.818493e-08,-5.502345e-05,3.635511e-01
634,4.826198e-08,-5.482423e-05,3.645321e-01
635,4.834863e-08,-5.462440e-05,3.654999e-01
636,4.844474e-08,-5.442416e-05,3.664546e-01
637,4.855017e-08,-5.422373e-05,3.673964e-01
638,4.866478e-08,-5.402331e-05,3.683254e-01
639,4.878842e-08,-5.382308e-05,3.692417e-01
640,4.892096e-08,-5.362325e-05,3.701455e-01
641,4.906224e-08,-5.342397e-05,3.710368e-01
642,4.921210e-08,-5.322543e-05,3.719159e-01
643,4.937041e-08,-5.302778e-05,3.727828e-01
644,4.953701e-08,-5.283118e-05,3.736377e-01
645,4.971174e-08,-5.263576e-05,3.744807e-01
646,4.989444e-08,-5.244168e-05,3.753120e-01
647,5.008496e-08,-5.224906e-05,3.761316e-01
648,5.028314e-08,-5.205803e-05,3.769398e-01
649,5.048882e-08,-5.186870e-05,3.777366e-01
650,5.070183e-08,-5.168118e-05,3.785222e-01
651,5.092200e-08,-5.149557e-05,3.792967e-01
652,5.114919e-08,-5.131197e-05,3.800602e-01
653,5.138320e-08,-5.113047e-05,3.808129e-01
654,5.162389e-08,-5.095115e-05,3.815550e-01
655,5.187107e-08,-5.077407e-05,3.822864e-01
656,5.212458e-08,-5.059932e-05,3.830075e-01
657,5.238425e-08,-5.042696e-05,3.837183e-01
658,5.264989e-08,-5.025703e-05,3.844189e-01
659,5.292134e-08,-5.008959e-05,3.851094e-01
660,5.319841e-08,-4.992468e-05,3.857901e-01
661,5.348094e-08,-4.976234e-05,3.864610e-01
662,5.376873e-08,-4.960260e-05,3.871223e-01
663,5.406162e-08,-4.944549e-05,3.877741e-01
664,5.435940e-08,-4.929103e-05,3.884164e-01
665,5.466191e-08,-4.913924e-05,3.890495e-01
666,5.496896e-08,-4.899012e-05,3.896735e-01
667,5.528036e-08,-4.884368e-05,3.902885e-01
668,5.559593e-08,-4.869992e-05,3.908946e-01
669,5.591546e-08,-4.855884e-05,3.914919e-01
670,5.623878e-08,-4.842042e-05,3.920806e-01
671,5.656570e-08,-4.828467e-05,3.926607e-01
672,5.689601e-08,-4.815154e-05,3.932325e-01
673,5.722952e-08,-4.802104e-05,3.937960e-01
674,5.756605e-08,-4.789312e-05,3.943513e-01
675,5.790539e-08,-4.776776e-05,3.948985e-01
676,5.824734e-08,-4.764493e-05,3.954378e-01
677,5.859170e-08,-4.752459e-05,3.959693e-01
678,5.893828e-08,-4.740670e-05,3.964931e-01
679,5.928687e-08,-4.729121e-05,3.970093e-01
680,5.963728e-08,-4.717809e-05,3.975181e-01
681,5.998928e-08,-4.706727e-05,3.980194e-01
682,6.034269e-08,-4.695871e-05,3.985135e-01
683,6.069729e-08,-4.685235e-05,3.990004e-01
684,6.105288e-08,-4.674814e-05,3.994802e-01
685,6.140925e-08,-4.664601e-05,3.999532e-01
686,6.176619e-08,-4.654590e-05,4.004192e-01
687,6.212349e-08,-4.644774e-05,4.008785e-01
688,6.248095e-08,-4.635147e-05,4.013312e-01
689,6.283835e-08,-4.625703e-05,4.017774e-01
690,6.319548e-08,-4.616433e-05,4.022170e-01
691,6.355212e-08,-4.607331e-05,4.026504e-01
692,6.390808e-08,-4.598390e-05,4.030775e-01
693,6.426313e-08,-4.589601e-05,4.034984e-01
694,6.461706e-08,-4.580958e-05,4.039133e-01
695,6.496967e-08,-4.572452e-05,4.043222e-01
696,6.532073e-08,-4.564077e-05,4.047252e-01
697,6.567004e-08,-4.555823e-05,4.051225e-01
698,6.601738e-08,-4.547682e-05,4.055140e-01
699,6.636255e-08,-4.539648e-05,4.059000e-01
700,6.670533e-08,-4.531711e-05,4.062804e-01
701,6.704551e-08,-4.523864e-05,4.066553e-01
702,6.738288e-08,-4.516099e-05,4.070249e-01
703,6.771724e-08,-4.508406e-05,4.073893e-01
704,6.804837e-08,-4.500779e-05,4.077484e-01
705,6.837607e-08,-4.493209e-05,4.081024e-01
706,6.870014e-08,-4.485687e-05,4.084515e-01
707,6.902037e-08,-4.478206e-05,4.087955e-01
708,6.933656e-08,-4.470757e-05,4.091347e-01
709,6.964851e-08,-4.463333e-05,4.094691e-01
710,6.995602e-08,-4.455925e-05,4.097987e-01
711,7.025890e-08,-4.448526e-05,4.101237e-01
712,7.055695e-08,-4.441127e-05,4.104442e-01
713,7.084998e-08,-4.433721e-05,4.107601e-01
714,7.113780e-08,-4.426300e-05,4.110716e-01
715,7.142023e-08,-4.418857e-05,4.113787e-01
716,7.169709e-08,-4.411383e-05,4.116815e-01
717,7.196819e-08,-4.403873e-05,4.119801e-01
718,7.223336e-08,-4.396317e-05,4.122745e-01
719,7.249242e-08,-4.388710e-05,4.125649e-01
720,7.274521e-08,-4.381045e-05,4.128512e-01
721,7.299155e-08,-4.373313e-05,4.131335e-01
722,7.323130e-08,-4.365510e-05,4.134120e-01
723,7.346429e-08,-4.357627e-05,4.136866e-01
724,7.369036e-08,-4.349659e-05,4.139574e-01
725,7.390937e-08,-4.341600e-05,4.142244e-01
726,7.412118e-08,-4.333443e-05,4.144879e-01
727,7.432564e-08,-4.325183e-05,4.147477e-01
728,7.452261e-08,-4.316813e-05,4.150039e-01
729,7.471198e-08,-4.308329e-05,4.152567e-01
730,7.489361e-08,-4.299725e-05,4.155060e-01
731,7.506738e-08,-4.290995e-05,4.157519e-01
732,7.523318e-08,-4.282135e-05,4.159945e-01
733,7.539091e-08,-4.273140e-05,4.162338e-01
734,7.554044e-08,-4.264005e-05,4.164699e-01
735,7.568170e-08,-4.254726e-05,4.167029e-01
736,7.581459e-08,-4.245299e-05,4.169326e-01
737,7.593901e-08,-4.235720e-05,4.171594e-01
738,7.605490e-08,-4.225984e-05,4.173830e-01
739,7.616217e-08,-4.216089e-05,4.176037e-01
740,7.626075e-08,-4.206031e-05,4.178215e-01
741,7.635060e-08,-4.195806e-05,4.180364e-01
742,7.643164e-08,-4.185412e-05,4.182484e-01
743,7.650384e-08,-4.174846e-05,4.184576e-01
744,7.656714e-08,-4.164105e-05,4.186641e-01
745,7.662151e-08,-4.153187e-05,4.188678e-01
746,7.666692e-08,-4.142090e-05,4.190689e-01
747,7.670335e-08,-4.130811e-05,4.192674e-01
748,7.673077e-08,-4.119349e-05,4.194632e-01
749,7.674917e-08,-4.107702e-05,4.196566e-01
750,7.675856e-08,-4.095869e-05,4.198474e-01
751,7.675892e-08,-4.083849e-05,4.200357e-01
752,7.675027e-08,-4.071640e-05,4.202216e-01
753,7.673262e-08,-4.059241e-05,4.204051e-01
754,7.670599e-08,-4.046653e-05,4.205863e-01
755,7.667040e-08,-4.033874e-05,4.207651e-01
756,7.662589e-08,-4.020904e-05,4.209417e-01
757,7.657250e-08,-4.007742e-05,4.211160e-01
758,7.651026e-08,-3.994390e-05,4.212881e-01
759,7.643922e-08,-3.980847e-05,4.214580e-01
760,7.635944e-08,-3.967114e-05,4.216257e-01
761,7.627099e-08,-3.953190e-05,4.217914e-01
762,7.617392e-08,-3.939077e-05,4.219549e-01
763,7.606830e-08,-3.924776e-05,4.221164e-01
764,7.595422e-08,-3.910287e-05,4.222759e-01
765,7.583175e-08,-3.895612e-05,4.224334e-01
766,7.570098e-08,-3.880752e-05,4.225889e-01
767,7.556200e-08,-3.865707e-05,4.227425e-01
768,7.541491e-08,-3.850481e-05,4.228942e-01
769,7.525980e-08,-3.835074e-05,4.230441e-01
770,7.509679e-08,-3.819488e-05,4.231921e-01
771,7.492597e-08,-3.803725e-05,4.233382e-01
772,7.474747e-08,-3.787788e-05,4.234826e-01
773,7.456139e-08,-3.771677e-05,4.236252e-01
774,7.436786e-08,-3.755396e-05,4.237661e-01
775,7.416699e-08,-3.738947e-05,4.239053e-01
776,7.395893e-08,-3.722333e-05,4.240427e-01
777,7.374380e-08,-3.705554e-05,4.241786e-01
778,7.352172e-08,-3.688616e-05,4.243127e-01
779,7.329284e-08,-3.671519e-05,4.244453e-01
780,7.305729e-08,-3.654268e-05,4.245763e-01
781,7.281521e-08,-3.636864e-05,4.247057e-01
782,7.256675e-08,-3.619310e-05,4.248336e-01
783,7.231205e-08,-3.601611e-05,4.249599e-01
784,7.205126e-08,-3.583768e-05,4.250848e-01
785,7.178452e-08,-3.565785e-05,4.252081e-01
786,7.151199e-08,-3.547665e-05,4.253300e-01
787,7.123381e-08,-3.529412e-05,4.254505e-01
788,7.095014e-08,-3.511028e-05,4.255696e-01
789,7.066113e-08,-3.492517e-05,4.256872e-01
790,7.036693e-08,-3.473882e-05,4.258035e-01
791,7.006770e-08,-3.455127e-05,4.259185e-01
792,6.976359e-08,-3.436255e-05,4.260320e-01
793,6.945475e-08,-3.417270e-05,4.261443e-01
794,6.914135e-08,-3.398174e-05,4.262553e-01
795,6.882353e-08,-3.378973e-05,4.263650e-01
796,6.850145e-08,-3.359668e-05,4.264734e-01
797,6.817527e-08,-3.340264e-05,4.265806e-01
798,6.784513e-08,-3.320764e-05,4.266866e-01
799,6.751120e-08,-3.301172e-05,4.267913e-01
800,6.717362e-08,-3.281492e-05,4.268948e-01
801,6.683254e-08,-3.261726e-05,4.269972e-01
802,6.648812e-08,-3.241879e-05,4.270984e-01
803,6.614050e-08,-3.221954e-05,4.271985e-01
804,6.578983e-08,-3.201954e-05,4.272974e-01
805,6.543626e-08,-3.181884e-05,4.273952e-01
806,6.507994e-08,-3.161747e-05,4.274919e-01
807,6.472100e-08,-3.141546e-05,4.275875e-01
808,6.435958e-08,-3.121285e-05,4.276820e-01
809,6.399584e-08,-3.100967e-05,4.277755e-01
810,6.362989e-08,-3.080596e-05,4.278679e-01
811,6.326189e-08,-3.060176e-05,4.279593e-01
812,6.289197e-08,-3.039710e-05,4.280497e-01
813,6.252025e-08,-3.019201e-05,4.281391e-01
814,6.214687e-08,-2.998652e-05,4.282275e-01
815,6.177195e-08,-2.978068e-05,4.283149e-01
816,6.139562e-08,-2.957451e-05,4.284013e-01
817,6.101800e-08,-2.936805e-05,4.284868e-01
818,6.063921e-08,-2.916133e-05,4.285713e-01
819,6.025937e-08,-2.895439e-05,4.286550e-01
820,5.987860e-08,-2.874725e-05,4.287376e-01
821,5.949700e-08,-2.853995e-05,4.288194e-01
822,5.911469e-08,-2.833251e-05,4.289003e-01
823,5.873178e-08,-2.812498e-05,4.289803e-01
824,5.834837e-08,-2.791739e-05,4.290594e-01
825,5.796456e-08,-2.770975e-05,4.291377e-01
826,5.758046e-08,-2.750211e-05,4.292151e-01
827,5.719616e-08,-2.729449e-05,4.292917e-01
828,5.681176e-08,-2.708692e-05,4.293674e-01
829,5.642735e-08,-2.687943e-05,4.294423e-01
830,5.604301e-08,-2.667205e-05,4.295164e-01
831,5.565884e-08,-2.646481e-05,4.295897e-01
832,5.527493e-08,-2.625774e-05,4.296622e-01
833,5.489134e-08,-2.605085e-05,4.297339e-01
834,5.450817e-08,-2.584419e-05,4.298049e-01
835,5.412549e-08,-2.563777e-05,4.298750e-01
836,5.374338e-08,-2.543162e-05,4.299444e-01
837,5.336190e-08,-2.522577e-05,4.300131e-01
838,5.298112e-08,-2.502024e-05,4.300810e-01
839,5.260112e-08,-2.481505e-05,4.301482e-01
840,5.222196e-08,-2.461024e-05,4.302147e-01
841,5.184369e-08,-2.440582e-05,4.302805e-01
842,5.146639e-08,-2.420182e-05,4.303455e-01
843,5.109011e-08,-2.399826e-05,4.304099e-01
844,5.071489e-08,-2.379516e-05,4.304735e-01
845,5.034081e-08,-2.359255e-05,4.305365e-01
846,4.996791e-08,-2.339044e-05,4.305988e-01
847,4.959623e-08,-2.318886e-05,4.306605e-01
848,4.922583e-08,-2.298783e-05,4.307214e-01
849,4.885675e-08,-2.278737e-05,4.307818e-01
850,4.848903e-08,-2.258750e-05,4.308414e-01
851,4.812271e-08,-2.238824e-05,4.309005e-01
852,4.775784e-08,-2.218961e-05,4.309589e-01
853,4.739445e-08,-2.199162e-05,4.310166e-01
854,4.703257e-08,-2.179430e-05,4.310738e-01
855,4.667224e-08,-2.159766e-05,4.311303e-01
856,4.631350e-08,-2.140172e-05,4.311863e-01
857,4.595636e-08,-2.120650e-05,4.312416e-01
858,4.560087e-08,-2.101201e-05,4.312964e-01
859,4.524705e-08,-2.081827e-05,4.313505e-01
860,4.489491e-08,-2.062530e-05,4.314041e-01
861,4.454450e-08,-2.043311e-05,4.314571e-01
862,4.419583e-08,-2.024172e-05,4.315095e-01
863,4.384891e-08,-2.005114e-05,4.315614e-01
864,4.350378e-08,-1.986138e-05,4.316127e-01
865,4.316045e-08,-1.967247e-05,4.316634e-01
866,4.281894e-08,-1.948441e-05,4.317136e-01
867,4.247926e-08,-1.929721e-05,4.317633e-01
868,4.214143e-08,-1.911089e-05,4.318124e-01
869,4.180547e-08,-1.892547e-05,4.318610e-01
870,4.147138e-08,-1.874094e-05,4.319090e-01
871,4.113918e-08,-1.855733e-05,4.319566e-01
872,4.080887e-08,-1.837465e-05,4.320036e-01
873,4.048048e-08,-1.819290e-05,4.320501e-01
874,4.015400e-08,-1.801211e-05,4.320961e-01
875,3.982945e-08,-1.783226e-05,4.321416e-01
876,3.950684e-08,-1.765339e-05,4.321866e-01
877,3.918616e-08,-1.747549e-05,4.322311e-01
878,3.886743e-08,-1.729858e-05,4.322752e-01
879,3.855064e-08,-1.712266e-05,4.323187e-01
880,3.823582e-08,-1.694775e-05,4.323618e-01
881,3.792295e-08,-1.677385e-05,4.324044e-01
882,3.761204e-08,-1.660096e-05,4.324465e-01
883,3.730309e-08,-1.642910e-05,4.324882e-01
884,3.699611e-08,-1.625828e-05,4.325294e-01
885,3.669110e-08,-1.608849e-05,4.325701e-01
886,3.638805e-08,-1.591976e-05,4.326104e-01
887,3.608697e-08,-1.575207e-05,4.326502e-01
888,3.578786e-08,-1.558545e-05,4.326896e-01
889,3.549071e-08,-1.541989e-05,4.327286e-01
890,3.519553e-08,-1.525540e-05,4.327671e-01
891,3.490231e-08,-1.509198e-05,4.328052e-01
892,3.461105e-08,-1.492964e-05,4.328428e-01
893,3.432176e-08,-1.476839e-05,4.328800e-01
894,3.403441e-08,-1.460822e-05,4.329169e-01
895,3.374903e-08,-1.444915e-05,4.329532e-01
896,3.346559e-08,-1.429117e-05,4.329892e-01
897,3.318410e-08,-1.413429e-05,4.330248e-01
898,3.290455e-08,-1.397852e-05,4.330599e-01
899,3.262694e-08,-1.382384e-05,4.330947e-01
900,3.235127e-08,-1.367027e-05,4.331290e-01
901,3.207753e-08,-1.351781e-05,4.331630e-01
902,3.180571e-08,-1.336646e-05,4.331966e-01
903,3.153581e-08,-1.321623e-05,4.332297e-01
904,3.126783e-08,-1.306710e-05,4.332625e-01
905,3.100176e-08,-1.291908e-05,4.332949e-01
906,3.073759e-08,-1.277218e-05,4.333269e-01
907,3.047532e-08,-1.262639e-05,4.333586e-01
908,3.021494e-08,-1.248171e-05,4.333898e-01
909,2.995646e-08,-1.233813e-05,4.334207e-01
910,2.969985e-08,-1.219567e-05,4.334513e-01
911,2.944512e-08,-1.205432e-05,4.334814e-01
912,2.919226e-08,-1.191406e-05,4.335112e-01
913,2.894126e-08,-1.177492e-05,4.335407e-01
914,2.869212e-08,-1.163687e-05,4.335698e-01
915,2.844483e-08,-1.149992e-05,4.335985e-01
916,2.819938e-08,-1.136408e-05,4.336269e-01
917,2.795577e-08,-1.122934e-05,4.336549e-01
918,2.771398e-08,-1.109570e-05,4.336826e-01
919,2.747403e-08,-1.096316e-05,4.337100e-01
920,2.723588e-08,-1.083174e-05,4.337370e-01
921,2.699955e-08,-1.070143e-05,4.337636e-01
922,2.676502e-08,-1.057224e-05,4.337900e-01
923,2.653228e-08,-1.044417e-05,4.338160e-01
924,2.630133e-08,-1.031722e-05,4.338417e-01
925,2.607216e-08,-1.019139e-05,4.338670e-01
926,2.584477e-08,-1.006668e-05,4.338920e-01
927,2.561914e-08,-9.943100e-06,4.339168e-01
928,2.539527e-08,-9.820633e-06,4.339411e-01
929,2.517315e-08,-9.699280e-06,4.339652e-01
930,2.495278e-08,-9.579036e-06,4.339890e-01
931,2.473414e-08,-9.459897e-06,4.340124e-01
932,2.451723e-08,-9.341857e-06,4.340356e-01
933,2.430204e-08,-9.224912e-06,4.340584e-01
934,2.408856e-08,-9.109055e-06,4.340809e-01
935,2.387680e-08,-8.994283e-06,4.341031e-01
936,2.366672e-08,-8.880590e-06,4.341251e-01
937,2.345834e-08,-8.767970e-06,4.341467e-01
938,2.325164e-08,-8.656420e-06,4.341680e-01
939,2.304662e-08,-8.545933e-06,4.341891e-01
940,2.284326e-08,-8.436506e-06,4.342098e-01
941,2.264156e-08,-8.328134e-06,4.342303e-01
942,2.244151e-08,-8.220811e-06,4.342505e-01
943,2.224311e-08,-8.114533e-06,4.342704e-01
944,2.204634e-08,-8.009296e-06,4.342900e-01
945,2.185119e-08,-7.905094e-06,4.343093e-01
946,2.165766e-08,-7.801922e-06,4.343284e-01
947,2.146575e-08,-7.699776e-06,4.343472e-01
948,2.127543e-08,-7.598651e-06,4.343657e-01
949,2.108671e-08,-7.498542e-06,4.343839e-01
950,2.089957e-08,-7.399444e-06,4.344019e-01
951,2.071401e-08,-7.301352e-06,4.344196e-01
952,2.053002e-08,-7.204261e-06,4.344370e-01
953,2.034759e-08,-7.108166e-06,4.344542e-01
954,2.016671e-08,-7.013061e-06,4.344711e-01
955,1.998737e-08,-6.918941e-06,4.344878e-01
956,1.980957e-08,-6.825801e-06,4.345042e-01
957,1.963329e-08,-6.733636e-06,4.345203e-01
958,1.945853e-08,-6.642441e-06,4.345362e-01
959,1.928527e-08,-6.552209e-06,4.345518e-01
960,1.911352e-08,-6.462936e-06,4.345672e-01
961,1.894326e-08,-6.374616e-06,4.345824e-01
962,1.877448e-08,-6.287243e-06,4.345973e-01
963,1.860717e-08,-6.200811e-06,4.346119e-01
964,1.844132e-08,-6.115316e-06,4.346263e-01
965,1.827694e-08,-6.030752e-06,4.346405e-01
966,1.811399e-08,-5.947112e-06,4.346544e-01
967,1.795249e-08,-5.864391e-06,4.346681e-01
968,1.779241e-08,-5.782583e-06,4.346816e-01
969,1.763375e-08,-5.701683e-06,4.346948e-01
970,1.747651e-08,-5.621684e-06,4.347078e-01
971,1.732066e-08,-5.542581e-06,4.347205e-01
972,1.716620e-08,-5.464368e-06,4.347331e-01
973,1.701313e-08,-5.387039e-06,4.347454e-01
974,1.686143e-08,-5.310588e-06,4.347575e-01
975,1.671110e-08,-5.235009e-06,4.347693e-01
976,1.656212e-08,-5.160295e-06,4.347810e-01
977,1.641448e-08,-5.086442e-06,4.347924e-01
978,1.626818e-08,-5.013443e-06,4.348036e-01
979,1.612321e-08,-4.941292e-06,4.348146e-01
980,1.597956e-08,-4.869983e-06,4.348254e-01
981,1.583722e-08,-4.799510e-06,4.348359e-01
982,1.569617e-08,-4.729866e-06,4.348463e-01
983,1.555641e-08,-4.661047e-06,4.348564e-01
984,1.541794e-08,-4.593045e-06,4.348663e-01
985,1.528073e-08,-4.525855e-06,4.348761e-01
986,1.514479e-08,-4.459471e-06,4.348856e-01
987,1.501010e-08,-4.393885e-06,4.348949e-01
988,1.487665e-08,-4.329094e-06,4.349040e-01
989,1.474443e-08,-4.265089e-06,4.349129e-01
990,1.461344e-08,-4.201866e-06,4.349216e-01
991,1.448366e-08,-4.139418e-06,4.349301e-01
992,1.435509e-08,-4.077739e-06,4.349385e-01
993,1.422771e-08,-4.016822e-06,4.349466e-01
994,1.410152e-08,-3.956663e-06,4.349545e-01
995,1.397651e-08,-3.897254e-06,4.349623e-01
996,1.385266e-08,-3.838590e-06,4.349698e-01
997,1.372997e-08,-3.780664e-06,4.349772e-01
998,1.360843e-08,-3.723471e-06,4.349843e-01
999,1.348803e-08,-3.667005e-06,4.349913e-01
1000,1.336875e-08,-3.611259e-06,4.349981e-01
1001,1.325060e-08,-3.556227e-06,4.350047e-01
1002,1.313356e-08,-3.501903e-06,4.350112e-01
1003,1.301762e-08,-3.448282e-06,4.350174e-01
1004,1.290277e-08,-3.395358e-06,4.350235e-01
1005,1.278901e-08,-3.343123e-06,4.350294e-01
1006,1.267632e-08,-3.291573e-06,4.350352e-01
1007,1.256469e-08,-3.240702e-06,4.350407e-01
1008,1.245412e-08,-3.190503e-06,4.350461e-01
1009,1.234459e-08,-3.140970e-06,4.350513e-01
1010,1.223610e-08,-3.092099e-06,4.350563e-01
1011,1.212864e-08,-3.043882e-06,4.350612e-01
1012,1.202220e-08,-2.996314e-06,4.350659e-01
1013,1.191677e-08,-2.949389e-06,4.350704e-01
1014,1.181233e-08,-2.903101e-06,4.350748e-01
1015,1.170889e-08,-2.857445e-06,4.350790e-01
1016,1.160644e-08,-2.812415e-06,4.350830e-01
1017,1.150495e-08,-2.768004e-06,4.350869e-01
1018,1.140443e-08,-2.724207e-06,4.350906e-01
1019,1.130487e-08,-2.681019e-06,4.350942e-01
1020,1.120625e-08,-2.638434e-06,4.350976e-01
1021,1.110857e-08,-2.596446e-06,4.351008e-01
1022,1.101182e-08,-2.555049e-06,4.351039e-01
1023,1.091600e-08,-2.514238e-06,4.351069e-01
1024,1.082108e-08,-2.474007e-06,4.351097e-01
1025,1.072707e-08,-2.434350e-06,4.351123e-01
1026,1.063395e-08,-2.395263e-06,4.351148e-01
1027,1.054172e-08,-2.356739e-06,4.351171e-01
1028,1.045037e-08,-2.318774e-06,4.351193e-01
1029,1.035989e-08,-2.281360e-06,4.351213e-01
1030,1.027026e-08,-2.244494e-06,4.351232e-01
1031,1.018150e-08,-2.208170e-06,4.351250e-01
1032,1.009357e-08,-2.172382e-06,4.351266e-01
1033,1.000649e-08,-2.137125e-06,4.351281e-01
1034,9.920229e-09,-2.102393e-06,4.351294e-01
1035,9.834792e-09,-2.068182e-06,4.351306e-01
1036,9.750167e-09,-2.034486e-06,4.351316e-01
1037,9.666346e-09,-2.001299e-06,4.351325e-01
1038,9.583322e-09,-1.968617e-06,4.351333e-01
1039,9.501086e-09,-1.936435e-06,4.351340e-01
1040,9.419632e-09,-1.904747e-06,4.351345e-01
1041,9.338950e-09,-1.873547e-06,4.351348e-01
1042,9.259034e-09,-1.842832e-06,4.351351e-01
1043,9.179876e-09,-1.812596e-06,4.351352e-01
1044,9.101467e-09,-1.782834e-06,4.351352e-01
1045,9.023802e-09,-1.753540e-06,4.351350e-01
1046,8.946872e-09,-1.724711e-06,4.351348e-01
1047,8.870669e-09,-1.696340e-06,4.351344e-01
1048,8.795187e-09,-1.668424e-06,4.351339e-01
1049,8.720418e-09,-1.640956e-06,4.351332e-01
1050,8.646356e-09,-1.613934e-06,4.351324e-01
1051,8.572992e-09,-1.587350e-06,4.351316e-01
1052,8.500320e-09,-1.561202e-06,4.351306e-01
1053,8.428332e-09,-1.535483e-06,4.351294e-01
1054,8.357023e-09,-1.510190e-06,4.351282e-01
1055,8.286384e-09,-1.485317e-06,4.351268e-01
1056,8.216409e-09,-1.460860e-06,4.351253e-01
1057,8.147091e-09,-1.436814e-06,4.351237e-01
1058,8.078424e-09,-1.413176e-06,4.351220e-01
1059,8.010401e-09,-1.389939e-06,4.351202e-01
1060,7.943015e-09,-1.367100e-06,4.351183e-01
1061,7.876259e-09,-1.344654e-06,4.351162e-01
1062,7.810128e-09,-1.322597e-06,4.351141e-01
1063,7.744615e-09,-1.300924e-06,4.351118e-01
1064,7.679713e-09,-1.279631e-06,4.351094e-01
1065,7.615416e-09,-1.258714e-06,4.351070e-01
1066,7.551718e-09,-1.238167e-06,4.351044e-01
1067,7.488613e-09,-1.217988e-06,4.351017e-01
1068,7.426094e-09,-1.198171e-06,4.350989e-01
1069,7.364156e-09,-1.178713e-06,4.350960e-01
1070,7.302793e-09,-1.159609e-06,4.350930e-01
1071,7.241998e-09,-1.140854e-06,4.350899e-01
1072,7.181766e-09,-1.122446e-06,4.350867e-01
1073,7.122091e-09,-1.104380e-06,4.350834e-01
1074,7.062967e-09,-1.086651e-06,4.350800e-01
1075,7.004389e-09,-1.069256e-06,4.350765e-01
1076,6.946351e-09,-1.052190e-06,4.350729e-01
1077,6.888847e-09,-1.035451e-06,4.350692e-01
1078,6.831872e-09,-1.019033e-06,4.350654e-01
1079,6.775420e-09,-1.002933e-06,4.350616e-01
1080,6.719486e-09,-9.871466e-07,4.350576e-01
1081,6.664065e-09,-9.716708e-07,4.350535e-01
1082,6.609151e-09,-9.565012e-07,4.350494e-01
1083,6.554739e-09,-9.416343e-07,4.350451e-01
1084,6.500824e-09,-9.270662e-07,4.350408e-01
1085,6.447401e-09,-9.127932e-07,4.350364e-01
1086,6.394464e-09,-8.988116e-07,4.350319e-01
1087,6.342010e-09,-8.851178e-07,4.350273e-01
1088,6.290032e-09,-8.717082e-07,4.350226e-01
1089,6.238526e-09,-8.585792e-07,4.350178e-01
1090,6.187487e-09,-8.457272e-07,4.350130e-01
1091,6.136910e-09,-8.331487e-07,4.350080e-01
1092,6.086791e-09,-8.208402e-07,4.350030e-01
1093,6.037125e-09,-8.087983e-07,4.349979e-01
1094,5.987907e-09,-7.970195e-07,4.349927e-01
1095,5.939133e-09,-7.855003e-07,4.349875e-01
1096,5.890797e-09,-7.742375e-07,4.349822e-01
1097,5.842897e-09,-7.632277e-07,4.349767e-01
1098,5.795426e-09,-7.524675e-07,4.349712e-01
1099,5.748382e-09,-7.419537e-07,4.349657e-01
1100,5.701758e-09,-7.316831e-07,4.349600e-01
1101,5.655553e-09,-7.216523e-07,4.349543e-01
1102,5.609760e-09,-7.118581e-07,4.349485e-01
1103,5.564376e-09,-7.022975e-07,4.349427e-01
1104,5.519396e-09,-6.929672e-07,4.349367e-01
1105,5.474817e-09,-6.838642e-07,4.349307e-01
1106,5.430635e-09,-6.749852e-07,4.349246e-01
1107,5.386846e-09,-6.663274e-07,4.349185e-01
1108,5.343444e-09,-6.578875e-07,4.349122e-01
1109,5.300428e-09,-6.496627e-07,4.349060e-01
1110,5.257793e-09,-6.416499e-07,4.348996e-01
1111,5.215534e-09,-6.338461e-07,4.348932e-01
1112,5.173649e-09,-6.262484e-07,4.348867e-01
1113,5.132134e-09,-6.188540e-07,4.348801e-01
1114,5.090984e-09,-6.116599e-07,4.348735e-01
1115,5.050196e-09,-6.046633e-07,4.348668e-01
1116,5.009768e-09,-5.978613e-07,4.348601e-01
1117,4.969694e-09,-5.912513e-07,4.348532e-01
1118,4.929972e-09,-5.848303e-07,4.348464e-01
1119,4.890598e-09,-5.785958e-07,4.348394e-01
1120,4.851568e-09,-5.725449e-07,4.348324e-01
1121,4.812880e-09,-5.666751e-07,4.348254e-01
1122,4.774530e-09,-5.609836e-07,4.348182e-01
1123,4.736514e-09,-5.554678e-07,4.348111e-01
1124,4.698830e-09,-5.501252e-07,4.348038e-01
1125,4.661474e-09,-5.449532e-07,4.347965e-01
1126,4.624443e-09,-5.399493e-07,4.347892e-01
1127,4.587733e-09,-5.351109e-07,4.347818e-01
1128,4.551342e-09,-5.304356e-07,4.347743e-01
1129,4.515267e-09,-5.259210e-07,4.347668e-01
1130,4.479504e-09,-5.215645e-07,4.347593e-01
1131,4.444050e-09,-5.173638e-07,4.347516e-01
1132,4.408903e-09,-5.133166e-07,4.347440e-01
1133,4.374059e-09,-5.094204e-07,4.347362e-01
1134,4.339516e-09,-5.056730e-07,4.347285e-01
1135,4.305270e-09,-5.020720e-07,4.347206e-01
1136,4.271320e-09,-4.986152e-07,4.347128e-01
1137,4.237661e-09,-4.953004e-07,4.347048e-01
1138,4.204292e-09,-4.921252e-07,4.346968e-01
1139,4.171209e-09,-4.890875e-07,4.346888e-01
1140,4.138410e-09,-4.861851e-07,4.346808e-01
1141,4.105892e-09,-4.834159e-07,4.346726e-01
1142,4.073652e-09,-4.807776e-07,4.346645e-01
1143,4.041688e-09,-4.782683e-07,4.346563e-01
1144,4.009997e-09,-4.758857e-07,4.346480e-01
1145,3.978577e-09,-4.736279e-07,4.346397e-01
1146,3.947425e-09,-4.714928e-07,4.346314e-01
1147,3.916538e-09,-4.694783e-07,4.346230e-01
1148,3.885915e-09,-4.675825e-07,4.346145e-01
1149,3.855552e-09,-4.658033e-07,4.346061e-01
1150,3.825447e-09,-4.641388e-07,4.345976e-01
1151,3.795598e-09,-4.625871e-07,4.345890e-01
1152,3.766002e-09,-4.611463e-07,4.345804e-01
1153,3.736658e-09,-4.598144e-07,4.345718e-01
1154,3.707562e-09,-4.585895e-07,4.345631e-01
1155,3.678712e-09,-4.574699e-07,4.345544e-01
1156,3.650107e-09,-4.564536e-07,4.345456e-01
1157,3.621743e-09,-4.555389e-07,4.345369e-01
1158,3.593620e-09,-4.547240e-07,4.345280e-01
1159,3.565733e-09,-4.540070e-07,4.345192e-01
1160,3.538083e-09,-4.533862e-07,4.345103e-01
1161,3.510665e-09,-4.528600e-07,4.345013e-01
1162,3.483478e-09,-4.524265e-07,4.344924e-01
1163,3.456520e-09,-4.520840e-07,4.344834e-01
1164,3.429789e-09,-4.518310e-07,4.344743e-01
1165,3.403283e-09,-4.516657e-07,4.344652e-01
1166,3.377000e-09,-4.515865e-07,4.344561e-01
1167,3.350937e-09,-4.515917e-07,4.344470e-01
1168,3.325093e-09,-4.516798e-07,4.344378e-01
1169,3.299466e-09,-4.518492e-07,4.344286e-01
1170,3.274054e-09,-4.520983e-07,4.344194e-01
1171,3.248855e-09,-4.524255e-07,4.344101e-01
1172,3.223866e-09,-4.528294e-07,4.344008e-01
1173,3.199087e-09,-4.533084e-07,4.343915e-01
1174,3.174515e-09,-4.538610e-07,4.343822e-01
1175,3.150149e-09,-4.544858e-07,4.343728e-01
1176,3.125986e-09,-4.551812e-07,4.343634e-01
1177,3.102025e-09,-4.559459e-07,4.343539e-01
1178,3.078264e-09,-4.567784e-07,4.343445e-01
1179,3.054701e-09,-4.576773e-07,4.343350e-01
1180,3.031335e-09,-4.586412e-07,4.343255e-01
1181,3.008163e-09,-4.596688e-07,4.343159e-01
1182,2.985184e-09,-4.607586e-07,4.343064e-01
1183,2.962397e-09,-4.619094e-07,4.342968e-01
1184,2.939799e-09,-4.631198e-07,4.342871e-01
1185,2.917390e-09,-4.643885e-07,4.342775e-01
1186,2.895166e-09,-4.657142e-07,4.342678e-01
1187,2.873127e-09,-4.670957e-07,4.342581e-01
1188,2.851272e-09,-4.685316e-07,4.342484e-01
1189,2.829598e-09,-4.700207e-07,4.342387e-01
1190,2.808104e-09,-4.715619e-07,4.342289e-01
1191,2.786788e-09,-4.731538e-07,4.342192e-01
1192,2.765649e-09,-4.747953e-07,4.342093e-01
1193,2.744685e-09,-4.764852e-07,4.341995e-01
1194,2.723895e-09,-4.782223e-07,4.341897e-01
1195,2.703278e-09,-4.800055e-07,4.341798e-01
1196,2.682831e-09,-4.818336e-07,4.341699e-01
1197,2.662553e-09,-4.837054e-07,4.341600e-01
1198,2.642443e-09,-4.856200e-07,4.341501e-01
1199,2.622500e-09,-4.875762e-07,4.341402e-01
